iso3c,country,date,confirmed,deaths,recovered,ecdc_cases,ecdc_deaths,total_tests,tests_units,soc_dist,mov_rest,pub_health,gov_soc_econ,lockdown,apple_mtr_driving,apple_mtr_walking,apple_mtr_transit,gcmr_retail_recreation,gcmr_grocery_pharmacy,gcmr_parks,gcmr_transit_stations,gcmr_workplaces,gcmr_residential,gtrends_score,gtrends_country_score,region,income,population,land_area_skm,pop_density,pop_largest_city,life_expectancy,gdp_capita,timestamp
BGD,Bangladesh,2020-01-22,0,0,0,NA,NA,NA,NA,0,0,0,0,0,NA,NA,NA,NA,NA,NA,NA,NA,NA,0.5,38,South Asia,Lower middle income,163046161,130170,1239.57931166936,20283552,72.32,1287.82142528431,2020-09-16T13:07:26Z
BGD,Bangladesh,2020-01-23,0,0,0,NA,NA,NA,NA,0,0,0,0,0,NA,NA,NA,NA,NA,NA,NA,NA,NA,1,38,South Asia,Lower middle income,163046161,130170,1239.57931166936,20283552,72.32,1287.82142528431,2020-09-16T13:07:26Z
BGD,Bangladesh,2020-01-24,0,0,0,NA,NA,NA,NA,0,0,0,0,0,NA,NA,NA,NA,NA,NA,NA,NA,NA,2,38,South Asia,Lower middle income,163046161,130170,1239.57931166936,20283552,72.32,1287.82142528431,2020-09-16T13:07:26Z
BGD,Bangladesh,2020-01-25,0,0,0,NA,NA,NA,NA,0,0,0,0,0,NA,NA,NA,NA,NA,NA,NA,NA,NA,3,38,South Asia,Lower middle income,163046161,130170,1239.57931166936,20283552,72.32,1287.82142528431,2020-09-16T13:07:26Z
BGD,Bangladesh,2020-01-26,0,0,0,NA,NA,NA,NA,0,0,0,0,0,NA,NA,NA,NA,NA,NA,NA,NA,NA,5,38,South Asia,Lower middle income,163046161,130170,1239.57931166936,20283552,72.32,1287.82142528431,2020-09-16T13:07:26Z
BGD,Bangladesh,2020-01-27,0,0,0,NA,NA,NA,NA,0,0,0,0,0,NA,NA,NA,NA,NA,NA,NA,NA,NA,4,38,South Asia,Lower middle income,163046161,130170,1239.57931166936,20283552,72.32,1287.82142528431,2020-09-16T13:07:26Z
BGD,Bangladesh,2020-01-28,0,0,0,NA,NA,NA,NA,0,0,0,0,0,NA,NA,NA,NA,NA,NA,NA,NA,NA,5,38,South Asia,Lower middle income,163046161,130170,1239.57931166936,20283552,72.32,1287.82142528431,2020-09-16T13:07:26Z
BGD,Bangladesh,2020-01-29,0,0,0,NA,NA,NA,NA,0,0,0,0,0,NA,NA,NA,NA,NA,NA,NA,NA,NA,4,38,South Asia,Lower middle income,163046161,130170,1239.57931166936,20283552,72.32,1287.82142528431,2020-09-16T13:07:26Z
BGD,Bangladesh,2020-01-30,0,0,0,NA,NA,NA,NA,0,0,0,0,0,NA,NA,NA,NA,NA,NA,NA,NA,NA,5,38,South Asia,Lower middle income,163046161,130170,1239.57931166936,20283552,72.32,1287.82142528431,2020-09-16T13:07:26Z
BGD,Bangladesh,2020-01-31,0,0,0,NA,NA,NA,NA,0,0,0,0,0,NA,NA,NA,NA,NA,NA,NA,NA,NA,5,38,South Asia,Lower middle income,163046161,130170,1239.57931166936,20283552,72.32,1287.82142528431,2020-09-16T13:07:26Z
BGD,Bangladesh,2020-02-01,0,0,0,NA,NA,NA,NA,0,0,0,0,0,NA,NA,NA,NA,NA,NA,NA,NA,NA,4,38,South Asia,Lower middle income,163046161,130170,1239.57931166936,20283552,72.32,1287.82142528431,2020-09-16T13:07:26Z
BGD,Bangladesh,2020-02-02,0,0,0,NA,NA,NA,NA,0,0,0,0,0,NA,NA,NA,NA,NA,NA,NA,NA,NA,3,38,South Asia,Lower middle income,163046161,130170,1239.57931166936,20283552,72.32,1287.82142528431,2020-09-16T13:07:26Z
BGD,Bangladesh,2020-02-03,0,0,0,NA,NA,NA,NA,0,0,0,0,0,NA,NA,NA,NA,NA,NA,NA,NA,NA,4,38,South Asia,Lower middle income,163046161,130170,1239.57931166936,20283552,72.32,1287.82142528431,2020-09-16T13:07:26Z
BGD,Bangladesh,2020-02-04,0,0,0,NA,NA,NA,NA,0,0,0,0,0,NA,NA,NA,NA,NA,NA,NA,NA,NA,3,38,South Asia,Lower middle income,163046161,130170,1239.57931166936,20283552,72.32,1287.82142528431,2020-09-16T13:07:26Z
BGD,Bangladesh,2020-02-05,0,0,0,NA,NA,NA,NA,0,0,0,0,0,NA,NA,NA,NA,NA,NA,NA,NA,NA,3,38,South Asia,Lower middle income,163046161,130170,1239.57931166936,20283552,72.32,1287.82142528431,2020-09-16T13:07:26Z
BGD,Bangladesh,2020-02-06,0,0,0,NA,NA,NA,NA,0,0,0,0,0,NA,NA,NA,NA,NA,NA,NA,NA,NA,3,38,South Asia,Lower middle income,163046161,130170,1239.57931166936,20283552,72.32,1287.82142528431,2020-09-16T13:07:26Z
BGD,Bangladesh,2020-02-07,0,0,0,NA,NA,NA,NA,0,0,0,0,0,NA,NA,NA,NA,NA,NA,NA,NA,NA,3,38,South Asia,Lower middle income,163046161,130170,1239.57931166936,20283552,72.32,1287.82142528431,2020-09-16T13:07:26Z
BGD,Bangladesh,2020-02-08,0,0,0,NA,NA,NA,NA,0,0,0,0,0,NA,NA,NA,NA,NA,NA,NA,NA,NA,3,38,South Asia,Lower middle income,163046161,130170,1239.57931166936,20283552,72.32,1287.82142528431,2020-09-16T13:07:26Z
BGD,Bangladesh,2020-02-09,0,0,0,NA,NA,NA,NA,0,0,0,0,0,NA,NA,NA,NA,NA,NA,NA,NA,NA,3,38,South Asia,Lower middle income,163046161,130170,1239.57931166936,20283552,72.32,1287.82142528431,2020-09-16T13:07:26Z
BGD,Bangladesh,2020-02-10,0,0,0,NA,NA,NA,NA,0,0,0,0,0,NA,NA,NA,NA,NA,NA,NA,NA,NA,3,38,South Asia,Lower middle income,163046161,130170,1239.57931166936,20283552,72.32,1287.82142528431,2020-09-16T13:07:26Z
BGD,Bangladesh,2020-02-11,0,0,0,NA,NA,NA,NA,0,0,0,0,0,NA,NA,NA,NA,NA,NA,NA,NA,NA,3,38,South Asia,Lower middle income,163046161,130170,1239.57931166936,20283552,72.32,1287.82142528431,2020-09-16T13:07:26Z
BGD,Bangladesh,2020-02-12,0,0,0,NA,NA,NA,NA,0,0,0,0,0,NA,NA,NA,NA,NA,NA,NA,NA,NA,2,38,South Asia,Lower middle income,163046161,130170,1239.57931166936,20283552,72.32,1287.82142528431,2020-09-16T13:07:26Z
BGD,Bangladesh,2020-02-13,0,0,0,NA,NA,NA,NA,0,0,0,0,0,NA,NA,NA,NA,NA,NA,NA,NA,NA,3,38,South Asia,Lower middle income,163046161,130170,1239.57931166936,20283552,72.32,1287.82142528431,2020-09-16T13:07:26Z
BGD,Bangladesh,2020-02-14,0,0,0,NA,NA,NA,NA,0,0,0,0,0,NA,NA,NA,NA,NA,NA,NA,NA,NA,3,38,South Asia,Lower middle income,163046161,130170,1239.57931166936,20283552,72.32,1287.82142528431,2020-09-16T13:07:26Z
BGD,Bangladesh,2020-02-15,0,0,0,NA,NA,NA,NA,0,0,0,0,0,NA,NA,NA,4,6,10,7,8,1,3,38,South Asia,Lower middle income,163046161,130170,1239.57931166936,20283552,72.32,1287.82142528431,2020-09-16T13:07:26Z
BGD,Bangladesh,2020-02-16,0,0,0,NA,NA,NA,NA,0,0,0,0,0,NA,NA,NA,3,3,5,4,8,0,3,38,South Asia,Lower middle income,163046161,130170,1239.57931166936,20283552,72.32,1287.82142528431,2020-09-16T13:07:26Z
BGD,Bangladesh,2020-02-17,0,0,0,NA,NA,NA,NA,0,0,0,0,0,NA,NA,NA,1,4,3,2,5,1,3,38,South Asia,Lower middle income,163046161,130170,1239.57931166936,20283552,72.32,1287.82142528431,2020-09-16T13:07:26Z
BGD,Bangladesh,2020-02-18,0,0,0,NA,NA,NA,NA,0,0,0,0,0,NA,NA,NA,2,3,2,3,5,1,2,38,South Asia,Lower middle income,163046161,130170,1239.57931166936,20283552,72.32,1287.82142528431,2020-09-16T13:07:26Z
BGD,Bangladesh,2020-02-19,0,0,0,NA,NA,NA,NA,0,0,0,0,0,NA,NA,NA,1,1,3,2,5,1,2,38,South Asia,Lower middle income,163046161,130170,1239.57931166936,20283552,72.32,1287.82142528431,2020-09-16T13:07:26Z
BGD,Bangladesh,2020-02-20,0,0,0,NA,NA,NA,NA,0,0,0,0,0,NA,NA,NA,2,4,4,4,7,1,2,38,South Asia,Lower middle income,163046161,130170,1239.57931166936,20283552,72.32,1287.82142528431,2020-09-16T13:07:26Z
BGD,Bangladesh,2020-02-21,0,0,0,NA,NA,NA,NA,0,0,0,0,0,NA,NA,NA,2,6,18,5,0,2,2,38,South Asia,Lower middle income,163046161,130170,1239.57931166936,20283552,72.32,1287.82142528431,2020-09-16T13:07:26Z
BGD,Bangladesh,2020-02-22,0,0,0,NA,NA,NA,NA,0,0,0,0,0,NA,NA,NA,2,4,10,6,8,1,2,38,South Asia,Lower middle income,163046161,130170,1239.57931166936,20283552,72.32,1287.82142528431,2020-09-16T13:07:26Z
BGD,Bangladesh,2020-02-23,0,0,0,NA,NA,NA,NA,0,0,0,0,0,NA,NA,NA,4,4,8,4,11,0,2,38,South Asia,Lower middle income,163046161,130170,1239.57931166936,20283552,72.32,1287.82142528431,2020-09-16T13:07:26Z
BGD,Bangladesh,2020-02-24,0,0,0,NA,NA,NA,NA,0,0,0,0,0,NA,NA,NA,1,3,5,1,7,1,3,38,South Asia,Lower middle income,163046161,130170,1239.57931166936,20283552,72.32,1287.82142528431,2020-09-16T13:07:26Z
BGD,Bangladesh,2020-02-25,0,0,0,NA,NA,NA,NA,0,0,0,0,0,NA,NA,NA,-1,0,1,2,6,1,3,38,South Asia,Lower middle income,163046161,130170,1239.57931166936,20283552,72.32,1287.82142528431,2020-09-16T13:07:26Z
BGD,Bangladesh,2020-02-26,0,0,0,NA,NA,NA,NA,0,0,0,0,0,NA,NA,NA,0,1,5,1,7,1,3,38,South Asia,Lower middle income,163046161,130170,1239.57931166936,20283552,72.32,1287.82142528431,2020-09-16T13:07:26Z
BGD,Bangladesh,2020-02-27,0,0,0,NA,NA,NA,NA,0,0,0,0,0,NA,NA,NA,4,6,8,5,8,1,4,38,South Asia,Lower middle income,163046161,130170,1239.57931166936,20283552,72.32,1287.82142528431,2020-09-16T13:07:26Z
BGD,Bangladesh,2020-02-28,0,0,0,NA,NA,NA,NA,0,0,0,0,0,NA,NA,NA,7,6,16,9,6,0,3,38,South Asia,Lower middle income,163046161,130170,1239.57931166936,20283552,72.32,1287.82142528431,2020-09-16T13:07:26Z
BGD,Bangladesh,2020-02-29,0,0,0,NA,NA,NA,NA,0,0,0,0,0,NA,NA,NA,6,6,14,8,11,0,4,38,South Asia,Lower middle income,163046161,130170,1239.57931166936,20283552,72.32,1287.82142528431,2020-09-16T13:07:26Z
BGD,Bangladesh,2020-03-01,0,0,0,NA,NA,NA,NA,0,2,0,0,0,NA,NA,NA,5,6,5,5,12,0,3,38,South Asia,Lower middle income,163046161,130170,1239.57931166936,20283552,72.32,1287.82142528431,2020-09-16T13:07:26Z
BGD,Bangladesh,2020-03-02,0,0,0,NA,NA,NA,NA,0,2,0,0,0,NA,NA,NA,3,6,3,3,8,1,4,38,South Asia,Lower middle income,163046161,130170,1239.57931166936,20283552,72.32,1287.82142528431,2020-09-16T13:07:26Z
BGD,Bangladesh,2020-03-03,0,0,0,NA,NA,NA,NA,0,2,0,0,0,NA,NA,NA,2,3,2,3,7,1,4,38,South Asia,Lower middle income,163046161,130170,1239.57931166936,20283552,72.32,1287.82142528431,2020-09-16T13:07:26Z
BGD,Bangladesh,2020-03-04,0,0,0,NA,NA,108,samples tested,0,2,0,0,0,NA,NA,NA,4,5,5,5,8,1,6,38,South Asia,Lower middle income,163046161,130170,1239.57931166936,20283552,72.32,1287.82142528431,2020-09-16T13:07:26Z
BGD,Bangladesh,2020-03-05,0,0,0,NA,NA,111,samples tested,0,2,0,0,0,NA,NA,NA,7,9,6,9,11,0,7,38,South Asia,Lower middle income,163046161,130170,1239.57931166936,20283552,72.32,1287.82142528431,2020-09-16T13:07:26Z
BGD,Bangladesh,2020-03-06,0,0,0,NA,NA,NA,NA,0,2,0,0,0,NA,NA,NA,-10,-8,-9,-7,-4,2,5,38,South Asia,Lower middle income,163046161,130170,1239.57931166936,20283552,72.32,1287.82142528431,2020-09-16T13:07:26Z
BGD,Bangladesh,2020-03-07,0,0,0,NA,NA,120,samples tested,0,2,0,0,0,NA,NA,NA,8,8,11,10,13,-1,6,38,South Asia,Lower middle income,163046161,130170,1239.57931166936,20283552,72.32,1287.82142528431,2020-09-16T13:07:26Z
BGD,Bangladesh,2020-03-08,3,0,0,NA,NA,127,samples tested,0,2,2,0,0,NA,NA,NA,9,9,10,9,13,-1,17,38,South Asia,Lower middle income,163046161,130170,1239.57931166936,20283552,72.32,1287.82142528431,2020-09-16T13:07:26Z
BGD,Bangladesh,2020-03-09,3,0,0,3,0,137,samples tested,0,2,2,0,0,NA,NA,NA,5,8,6,4,6,1,14,38,South Asia,Lower middle income,163046161,130170,1239.57931166936,20283552,72.32,1287.82142528431,2020-09-16T13:07:26Z
BGD,Bangladesh,2020-03-10,3,0,0,3,0,147,samples tested,0,2,2,0,0,NA,NA,NA,5,7,5,6,8,1,13,38,South Asia,Lower middle income,163046161,130170,1239.57931166936,20283552,72.32,1287.82142528431,2020-09-16T13:07:26Z
BGD,Bangladesh,2020-03-11,3,0,0,3,0,163,samples tested,0,2,2,0,0,NA,NA,NA,4,6,5,5,9,1,11,38,South Asia,Lower middle income,163046161,130170,1239.57931166936,20283552,72.32,1287.82142528431,2020-09-16T13:07:26Z
BGD,Bangladesh,2020-03-12,3,0,0,3,0,187,samples tested,0,2,2,0,0,NA,NA,NA,4,7,4,5,11,1,11,38,South Asia,Lower middle income,163046161,130170,1239.57931166936,20283552,72.32,1287.82142528431,2020-09-16T13:07:26Z
BGD,Bangladesh,2020-03-13,3,0,0,3,0,211,samples tested,0,2,2,0,0,NA,NA,NA,5,7,6,5,7,2,12,38,South Asia,Lower middle income,163046161,130170,1239.57931166936,20283552,72.32,1287.82142528431,2020-09-16T13:07:26Z
BGD,Bangladesh,2020-03-14,3,0,0,3,0,241,samples tested,0,2,2,0,0,NA,NA,NA,0,3,3,2,11,1,16,38,South Asia,Lower middle income,163046161,130170,1239.57931166936,20283552,72.32,1287.82142528431,2020-09-16T13:07:26Z
BGD,Bangladesh,2020-03-15,5,0,0,3,0,268,samples tested,0,2,2,0,0,NA,NA,NA,5,6,5,4,13,0,17,38,South Asia,Lower middle income,163046161,130170,1239.57931166936,20283552,72.32,1287.82142528431,2020-09-16T13:07:26Z
BGD,Bangladesh,2020-03-16,8,0,2,3,0,293,samples tested,0,4,3,0,0,NA,NA,NA,4,9,4,5,9,1,23,38,South Asia,Lower middle income,163046161,130170,1239.57931166936,20283552,72.32,1287.82142528431,2020-09-16T13:07:26Z
BGD,Bangladesh,2020-03-17,10,0,3,5,0,342,samples tested,0,4,3,0,0,NA,NA,NA,-6,3,7,-5,-33,10,25,38,South Asia,Lower middle income,163046161,130170,1239.57931166936,20283552,72.32,1287.82142528431,2020-09-16T13:07:26Z
BGD,Bangladesh,2020-03-18,14,1,3,8,0,381,samples tested,0,4,3,0,0,NA,NA,NA,-6,5,-2,-2,0,3,32,38,South Asia,Lower middle income,163046161,130170,1239.57931166936,20283552,72.32,1287.82142528431,2020-09-16T13:07:26Z
BGD,Bangladesh,2020-03-19,17,1,3,10,0,427,samples tested,0,4,3,1,0,NA,NA,NA,-12,3,-9,-9,1,5,35,38,South Asia,Lower middle income,163046161,130170,1239.57931166936,20283552,72.32,1287.82142528431,2020-09-16T13:07:26Z
BGD,Bangladesh,2020-03-20,20,1,3,10,0,463,samples tested,0,5,3,1,0,NA,NA,NA,-24,-2,-18,-17,4,7,38,38,South Asia,Lower middle income,163046161,130170,1239.57931166936,20283552,72.32,1287.82142528431,2020-09-16T13:07:26Z
BGD,Bangladesh,2020-03-21,25,2,3,17,0,499,samples tested,0,6,3,1,0,NA,NA,NA,-25,-5,-14,-19,0,8,43,38,South Asia,Lower middle income,163046161,130170,1239.57931166936,20283552,72.32,1287.82142528431,2020-09-16T13:07:26Z
BGD,Bangladesh,2020-03-22,27,2,3,24,2,564,samples tested,0,6,3,1,0,NA,NA,NA,-25,-8,-13,-22,-5,7,49,38,South Asia,Lower middle income,163046161,130170,1239.57931166936,20283552,72.32,1287.82142528431,2020-09-16T13:07:26Z
BGD,Bangladesh,2020-03-23,33,3,3,27,3,620,samples tested,0,6,3,1,0,NA,NA,NA,-31,-7,-16,-26,-14,10,51,38,South Asia,Lower middle income,163046161,130170,1239.57931166936,20283552,72.32,1287.82142528431,2020-09-16T13:07:26Z
BGD,Bangladesh,2020-03-24,39,4,5,33,3,712,samples tested,0,6,3,1,0,NA,NA,NA,-35,-9,-15,-22,-20,10,47,38,South Asia,Lower middle income,163046161,130170,1239.57931166936,20283552,72.32,1287.82142528431,2020-09-16T13:07:26Z
BGD,Bangladesh,2020-03-25,39,5,7,39,4,794,samples tested,0,6,3,1,0,NA,NA,NA,-53,-26,-17,-37,-36,13,60,38,South Asia,Lower middle income,163046161,130170,1239.57931166936,20283552,72.32,1287.82142528431,2020-09-16T13:07:26Z
BGD,Bangladesh,2020-03-26,44,5,11,39,5,920,samples tested,0,6,3,1,0,NA,NA,NA,-73,-51,-31,-70,-66,27,67,38,South Asia,Lower middle income,163046161,130170,1239.57931166936,20283552,72.32,1287.82142528431,2020-09-16T13:07:26Z
BGD,Bangladesh,2020-03-27,48,5,11,48,5,1026,samples tested,0,6,3,1,0,NA,NA,NA,-71,-47,-35,-67,-38,19,73,38,South Asia,Lower middle income,163046161,130170,1239.57931166936,20283552,72.32,1287.82142528431,2020-09-16T13:07:26Z
BGD,Bangladesh,2020-03-28,48,5,15,48,5,1076,samples tested,0,6,3,1,0,NA,NA,NA,-71,-48,-28,-66,-54,24,66,38,South Asia,Lower middle income,163046161,130170,1239.57931166936,20283552,72.32,1287.82142528431,2020-09-16T13:07:26Z
BGD,Bangladesh,2020-03-29,48,5,15,48,5,1185,samples tested,0,7,3,2,1,NA,NA,NA,-68,-46,-26,-66,-60,24,64,38,South Asia,Lower middle income,163046161,130170,1239.57931166936,20283552,72.32,1287.82142528431,2020-09-16T13:07:26Z
BGD,Bangladesh,2020-03-30,49,5,19,49,5,1338,samples tested,0,7,3,3,1,NA,NA,NA,-69,-45,-26,-66,-61,24,62,38,South Asia,Lower middle income,163046161,130170,1239.57931166936,20283552,72.32,1287.82142528431,2020-09-16T13:07:26Z
BGD,Bangladesh,2020-03-31,51,5,25,49,5,1602,samples tested,0,7,3,3,1,NA,NA,NA,-67,-43,-25,-65,-60,23,59,38,South Asia,Lower middle income,163046161,130170,1239.57931166936,20283552,72.32,1287.82142528431,2020-09-16T13:07:26Z
BGD,Bangladesh,2020-04-01,54,6,25,51,5,1759,samples tested,0,7,3,3,1,NA,NA,NA,-67,-44,-25,-64,-59,23,59,38,South Asia,Lower middle income,163046161,130170,1239.57931166936,20283552,72.32,1287.82142528431,2020-09-16T13:07:26Z
BGD,Bangladesh,2020-04-02,56,6,25,54,6,1906,samples tested,0,7,3,3,1,NA,NA,NA,-70,-49,-31,-68,-59,25,59,38,South Asia,Lower middle income,163046161,130170,1239.57931166936,20283552,72.32,1287.82142528431,2020-09-16T13:07:26Z
BGD,Bangladesh,2020-04-03,61,6,26,56,6,2113,samples tested,0,7,3,3,1,NA,NA,NA,-70,-46,-34,-66,-35,17,100,38,South Asia,Lower middle income,163046161,130170,1239.57931166936,20283552,72.32,1287.82142528431,2020-09-16T13:07:26Z
BGD,Bangladesh,2020-04-04,70,8,30,61,6,2547,samples tested,0,7,3,3,1,NA,NA,NA,-69,-46,-29,-64,-51,22,94,38,South Asia,Lower middle income,163046161,130170,1239.57931166936,20283552,72.32,1287.82142528431,2020-09-16T13:07:26Z
BGD,Bangladesh,2020-04-05,88,9,33,70,8,2914,samples tested,0,7,3,3,1,NA,NA,NA,-67,-44,-29,-64,-54,22,88,38,South Asia,Lower middle income,163046161,130170,1239.57931166936,20283552,72.32,1287.82142528431,2020-09-16T13:07:26Z
BGD,Bangladesh,2020-04-06,123,12,33,88,9,3610,samples tested,0,7,3,3,1,NA,NA,NA,-71,-49,-31,-68,-60,24,82,38,South Asia,Lower middle income,163046161,130170,1239.57931166936,20283552,72.32,1287.82142528431,2020-09-16T13:07:26Z
BGD,Bangladesh,2020-04-07,164,17,33,123,12,4402,samples tested,0,7,3,4,1,NA,NA,NA,-72,-50,-31,-70,-63,25,81,38,South Asia,Lower middle income,163046161,130170,1239.57931166936,20283552,72.32,1287.82142528431,2020-09-16T13:07:26Z
BGD,Bangladesh,2020-04-08,218,20,33,164,17,5383,samples tested,0,7,3,4,1,NA,NA,NA,-73,-51,-31,-70,-63,26,82,38,South Asia,Lower middle income,163046161,130170,1239.57931166936,20283552,72.32,1287.82142528431,2020-09-16T13:07:26Z
BGD,Bangladesh,2020-04-09,330,21,33,218,20,6480,samples tested,0,7,3,4,1,NA,NA,NA,-75,-54,-36,-73,-63,28,84,38,South Asia,Lower middle income,163046161,130170,1239.57931166936,20283552,72.32,1287.82142528431,2020-09-16T13:07:26Z
BGD,Bangladesh,2020-04-10,424,27,33,330,21,7664,samples tested,0,8,3,4,1,NA,NA,NA,-77,-56,-40,-73,-43,21,80,38,South Asia,Lower middle income,163046161,130170,1239.57931166936,20283552,72.32,1287.82142528431,2020-09-16T13:07:26Z
BGD,Bangladesh,2020-04-11,482,30,36,424,27,8313,samples tested,0,8,3,4,1,NA,NA,NA,-76,-55,-34,-72,-58,25,71,38,South Asia,Lower middle income,163046161,130170,1239.57931166936,20283552,72.32,1287.82142528431,2020-09-16T13:07:26Z
BGD,Bangladesh,2020-04-12,621,34,39,482,30,9653,samples tested,0,8,3,4,2,NA,NA,NA,-73,-54,-32,-71,-61,24,65,38,South Asia,Lower middle income,163046161,130170,1239.57931166936,20283552,72.32,1287.82142528431,2020-09-16T13:07:26Z
BGD,Bangladesh,2020-04-13,803,39,42,621,34,11223,samples tested,0,8,3,5,2,NA,NA,NA,-74,-53,-31,-71,-63,26,86,38,South Asia,Lower middle income,163046161,130170,1239.57931166936,20283552,72.32,1287.82142528431,2020-09-16T13:07:26Z
BGD,Bangladesh,2020-04-14,1012,46,42,803,39,13128,samples tested,0,8,3,5,2,NA,NA,NA,-75,-55,-32,-73,-66,27,86,38,South Asia,Lower middle income,163046161,130170,1239.57931166936,20283552,72.32,1287.82142528431,2020-09-16T13:07:26Z
BGD,Bangladesh,2020-04-15,1231,50,49,1012,46,14868,samples tested,0,8,3,5,2,NA,NA,NA,-75,-56,-32,-72,-62,26,84,38,South Asia,Lower middle income,163046161,130170,1239.57931166936,20283552,72.32,1287.82142528431,2020-09-16T13:07:26Z
BGD,Bangladesh,2020-04-16,1572,60,49,1231,50,17003,samples tested,0,8,3,5,2,NA,NA,NA,-74,-54,-32,-72,-59,27,81,38,South Asia,Lower middle income,163046161,130170,1239.57931166936,20283552,72.32,1287.82142528431,2020-09-16T13:07:26Z
BGD,Bangladesh,2020-04-17,1838,75,58,1572,60,19193,samples tested,0,8,3,5,2,NA,NA,NA,-75,-54,-36,-72,-38,20,84,38,South Asia,Lower middle income,163046161,130170,1239.57931166936,20283552,72.32,1287.82142528431,2020-09-16T13:07:26Z
BGD,Bangladesh,2020-04-18,2144,84,66,1838,75,21307,samples tested,0,8,3,5,2,NA,NA,NA,-75,-55,-35,-71,-55,25,83,38,South Asia,Lower middle income,163046161,130170,1239.57931166936,20283552,72.32,1287.82142528431,2020-09-16T13:07:26Z
BGD,Bangladesh,2020-04-19,2456,91,75,2144,84,23941,samples tested,0,8,3,5,2,NA,NA,NA,-72,-53,-34,-70,-59,24,72,38,South Asia,Lower middle income,163046161,130170,1239.57931166936,20283552,72.32,1287.82142528431,2020-09-16T13:07:26Z
BGD,Bangladesh,2020-04-20,2948,101,85,2456,91,26604,samples tested,0,8,3,5,2,NA,NA,NA,-74,-54,-33,-71,-61,25,77,38,South Asia,Lower middle income,163046161,130170,1239.57931166936,20283552,72.32,1287.82142528431,2020-09-16T13:07:26Z
BGD,Bangladesh,2020-04-21,3382,110,87,2948,101,29578,samples tested,0,8,3,5,2,NA,NA,NA,-73,-53,-32,-70,-61,25,68,38,South Asia,Lower middle income,163046161,130170,1239.57931166936,20283552,72.32,1287.82142528431,2020-09-16T13:07:26Z
BGD,Bangladesh,2020-04-22,3772,120,92,3382,110,32674,samples tested,0,8,3,5,2,NA,NA,NA,-73,-53,-33,-70,-60,25,47,38,South Asia,Lower middle income,163046161,130170,1239.57931166936,20283552,72.32,1287.82142528431,2020-09-16T13:07:26Z
BGD,Bangladesh,2020-04-23,4186,127,108,3772,120,36090,samples tested,0,8,3,5,2,NA,NA,NA,-73,-53,-36,-71,-58,26,64,38,South Asia,Lower middle income,163046161,130170,1239.57931166936,20283552,72.32,1287.82142528431,2020-09-16T13:07:26Z
BGD,Bangladesh,2020-04-24,4689,131,112,4186,127,39776,samples tested,0,8,3,5,2,NA,NA,NA,-73,-50,-41,-69,-35,18,61,38,South Asia,Lower middle income,163046161,130170,1239.57931166936,20283552,72.32,1287.82142528431,2020-09-16T13:07:26Z
BGD,Bangladesh,2020-04-25,4998,140,113,4689,131,43012,samples tested,0,8,3,5,2,NA,NA,NA,-75,-54,-38,-70,-54,26,52,38,South Asia,Lower middle income,163046161,130170,1239.57931166936,20283552,72.32,1287.82142528431,2020-09-16T13:07:26Z
BGD,Bangladesh,2020-04-26,5416,145,122,4998,140,46485,samples tested,0,8,3,5,2,NA,NA,NA,-73,-56,-39,-71,-56,25,47,38,South Asia,Lower middle income,163046161,130170,1239.57931166936,20283552,72.32,1287.82142528431,2020-09-16T13:07:26Z
BGD,Bangladesh,2020-04-27,5913,152,131,5416,145,50297,samples tested,0,8,3,5,2,NA,NA,NA,-73,-53,-36,-70,-56,25,46,38,South Asia,Lower middle income,163046161,130170,1239.57931166936,20283552,72.32,1287.82142528431,2020-09-16T13:07:26Z
BGD,Bangladesh,2020-04-28,6462,155,139,5913,152,54733,samples tested,0,8,3,5,2,NA,NA,NA,-72,-54,-36,-69,-55,24,40,38,South Asia,Lower middle income,163046161,130170,1239.57931166936,20283552,72.32,1287.82142528431,2020-09-16T13:07:26Z
BGD,Bangladesh,2020-04-29,7103,163,150,6462,155,59701,samples tested,0,9,3,5,3,NA,NA,NA,-71,-51,-33,-67,-53,24,41,38,South Asia,Lower middle income,163046161,130170,1239.57931166936,20283552,72.32,1287.82142528431,2020-09-16T13:07:26Z
BGD,Bangladesh,2020-04-30,7667,168,160,7103,163,64666,samples tested,0,9,3,5,3,NA,NA,NA,-71,-51,-36,-69,-50,26,29,38,South Asia,Lower middle income,163046161,130170,1239.57931166936,20283552,72.32,1287.82142528431,2020-09-16T13:07:26Z
BGD,Bangladesh,2020-05-01,8238,170,174,7667,168,70239,samples tested,0,9,3,5,3,NA,NA,NA,-74,-53,-42,-69,-33,19,34,38,South Asia,Lower middle income,163046161,130170,1239.57931166936,20283552,72.32,1287.82142528431,2020-09-16T13:07:26Z
BGD,Bangladesh,2020-05-02,8790,175,177,8238,170,76066,samples tested,0,9,3,5,3,NA,NA,NA,-72,-52,-36,-67,-42,23,37,38,South Asia,Lower middle income,163046161,130170,1239.57931166936,20283552,72.32,1287.82142528431,2020-09-16T13:07:26Z
BGD,Bangladesh,2020-05-03,9455,177,1063,8790,175,81454,samples tested,0,9,3,5,3,NA,NA,NA,-67,-48,-35,-65,-47,22,35,38,South Asia,Lower middle income,163046161,130170,1239.57931166936,20283552,72.32,1287.82142528431,2020-09-16T13:07:26Z
BGD,Bangladesh,2020-05-04,10143,182,1209,9455,177,87698,samples tested,0,9,3,5,3,NA,NA,NA,-68,-48,-34,-65,-49,22,31,38,South Asia,Lower middle income,163046161,130170,1239.57931166936,20283552,72.32,1287.82142528431,2020-09-16T13:07:26Z
BGD,Bangladesh,2020-05-05,10929,183,1403,10143,182,93403,samples tested,0,9,3,5,3,NA,NA,NA,-68,-48,-35,-64,-48,22,31,38,South Asia,Lower middle income,163046161,130170,1239.57931166936,20283552,72.32,1287.82142528431,2020-09-16T13:07:26Z
BGD,Bangladesh,2020-05-06,11719,186,1403,10929,183,99644,samples tested,0,9,3,5,3,NA,NA,NA,-68,-48,-33,-64,-52,22,32,38,South Asia,Lower middle income,163046161,130170,1239.57931166936,20283552,72.32,1287.82142528431,2020-09-16T13:07:26Z
BGD,Bangladesh,2020-05-07,12425,199,1910,11719,186,105511,samples tested,0,9,3,5,3,NA,NA,NA,-66,-44,-36,-63,-43,22,35,38,South Asia,Lower middle income,163046161,130170,1239.57931166936,20283552,72.32,1287.82142528431,2020-09-16T13:07:26Z
BGD,Bangladesh,2020-05-08,13134,206,2101,12425,199,111454,samples tested,0,9,3,6,3,NA,NA,NA,-67,-43,-38,-62,-21,16,30,38,South Asia,Lower middle income,163046161,130170,1239.57931166936,20283552,72.32,1287.82142528431,2020-09-16T13:07:26Z
BGD,Bangladesh,2020-05-09,13770,214,2414,13134,206,116919,samples tested,0,9,3,6,3,NA,NA,NA,-64,-42,-33,-59,-34,20,30,38,South Asia,Lower middle income,163046161,130170,1239.57931166936,20283552,72.32,1287.82142528431,2020-09-16T13:07:26Z
BGD,Bangladesh,2020-05-10,14657,228,2650,13770,214,122657,samples tested,0,9,3,6,3,NA,NA,NA,-57,-37,-32,-55,-37,19,32,38,South Asia,Lower middle income,163046161,130170,1239.57931166936,20283552,72.32,1287.82142528431,2020-09-16T13:07:26Z
BGD,Bangladesh,2020-05-11,15691,239,2902,14657,228,129865,samples tested,0,9,3,6,3,NA,NA,NA,-58,-36,-30,-55,-40,19,31,38,South Asia,Lower middle income,163046161,130170,1239.57931166936,20283552,72.32,1287.82142528431,2020-09-16T13:07:26Z
BGD,Bangladesh,2020-05-12,16660,250,3147,15691,239,136638,samples tested,0,12,4,6,4,NA,NA,NA,-56,-35,-30,-54,-40,19,27,38,South Asia,Lower middle income,163046161,130170,1239.57931166936,20283552,72.32,1287.82142528431,2020-09-16T13:07:26Z
BGD,Bangladesh,2020-05-13,17822,269,3361,16660,250,144538,samples tested,0,12,4,6,4,NA,NA,NA,-59,-39,-31,-56,-40,20,28,38,South Asia,Lower middle income,163046161,130170,1239.57931166936,20283552,72.32,1287.82142528431,2020-09-16T13:07:26Z
BGD,Bangladesh,2020-05-14,18863,283,3361,17822,269,151930,samples tested,0,12,4,6,4,NA,NA,NA,-57,-35,-32,-56,-36,20,27,38,South Asia,Lower middle income,163046161,130170,1239.57931166936,20283552,72.32,1287.82142528431,2020-09-16T13:07:26Z
BGD,Bangladesh,2020-05-15,20065,298,3882,18863,283,160512,samples tested,0,12,4,6,4,NA,NA,NA,-59,-34,-35,-54,-11,15,27,38,South Asia,Lower middle income,163046161,130170,1239.57931166936,20283552,72.32,1287.82142528431,2020-09-16T13:07:26Z
BGD,Bangladesh,2020-05-16,20995,314,4117,20065,298,167294,samples tested,0,12,4,6,4,NA,NA,NA,-55,-32,-28,-51,-27,18,25,38,South Asia,Lower middle income,163046161,130170,1239.57931166936,20283552,72.32,1287.82142528431,2020-09-16T13:07:26Z
BGD,Bangladesh,2020-05-17,22268,328,4373,20995,314,175408,samples tested,0,12,4,6,4,NA,NA,NA,-53,-32,-29,-51,-34,18,27,38,South Asia,Lower middle income,163046161,130170,1239.57931166936,20283552,72.32,1287.82142528431,2020-09-16T13:07:26Z
BGD,Bangladesh,2020-05-18,23870,349,4585,22268,328,185196,samples tested,0,12,4,6,4,NA,NA,NA,-54,-31,-28,-50,-38,19,25,38,South Asia,Lower middle income,163046161,130170,1239.57931166936,20283552,72.32,1287.82142528431,2020-09-16T13:07:26Z
BGD,Bangladesh,2020-05-19,25121,370,4993,23870,349,193645,samples tested,0,12,4,6,4,NA,NA,NA,-53,-31,-29,-49,-39,18,22,38,South Asia,Lower middle income,163046161,130170,1239.57931166936,20283552,72.32,1287.82142528431,2020-09-16T13:07:26Z
BGD,Bangladesh,2020-05-20,26738,386,5207,25121,370,203852,samples tested,0,12,4,6,4,NA,NA,NA,-57,-37,-34,-54,-42,18,19,38,South Asia,Lower middle income,163046161,130170,1239.57931166936,20283552,72.32,1287.82142528431,2020-09-16T13:07:26Z
BGD,Bangladesh,2020-05-21,28511,408,5602,26738,386,214114,samples tested,0,12,4,6,4,NA,NA,NA,-63,-45,-40,-62,-51,19,21,38,South Asia,Lower middle income,163046161,130170,1239.57931166936,20283552,72.32,1287.82142528431,2020-09-16T13:07:26Z
BGD,Bangladesh,2020-05-22,30205,432,6190,28511,408,223841,samples tested,0,12,4,6,4,NA,NA,NA,-52,-24,-35,-48,-10,12,22,38,South Asia,Lower middle income,163046161,130170,1239.57931166936,20283552,72.32,1287.82142528431,2020-09-16T13:07:26Z
BGD,Bangladesh,2020-05-23,32078,452,6486,30205,432,234675,samples tested,0,12,4,6,4,NA,NA,NA,-51,-23,-26,-48,-39,19,20,38,South Asia,Lower middle income,163046161,130170,1239.57931166936,20283552,72.32,1287.82142528431,2020-09-16T13:07:26Z
BGD,Bangladesh,2020-05-24,33610,480,6901,32078,452,243583,samples tested,0,12,4,6,4,NA,NA,NA,-46,-15,-20,-45,-52,20,19,38,South Asia,Lower middle income,163046161,130170,1239.57931166936,20283552,72.32,1287.82142528431,2020-09-16T13:07:26Z
BGD,Bangladesh,2020-05-25,35585,501,7334,33610,480,253034,samples tested,0,12,4,6,4,NA,NA,NA,-62,-41,-3,-57,-62,18,18,38,South Asia,Lower middle income,163046161,130170,1239.57931166936,20283552,72.32,1287.82142528431,2020-09-16T13:07:26Z
BGD,Bangladesh,2020-05-26,36751,522,7579,35585,501,258441,samples tested,0,12,4,6,4,NA,NA,NA,-65,-43,-14,-58,-62,19,18,38,South Asia,Lower middle income,163046161,130170,1239.57931166936,20283552,72.32,1287.82142528431,2020-09-16T13:07:26Z
BGD,Bangladesh,2020-05-27,38292,544,7925,36751,522,266456,samples tested,0,12,4,6,4,NA,NA,NA,-68,-50,-26,-62,-55,18,19,38,South Asia,Lower middle income,163046161,130170,1239.57931166936,20283552,72.32,1287.82142528431,2020-09-16T13:07:26Z
BGD,Bangladesh,2020-05-28,40321,559,8425,38292,544,275776,samples tested,0,12,4,6,4,NA,NA,NA,-59,-36,-22,-55,-44,18,18,38,South Asia,Lower middle income,163046161,130170,1239.57931166936,20283552,72.32,1287.82142528431,2020-09-16T13:07:26Z
BGD,Bangladesh,2020-05-29,42844,582,9015,40321,559,287067,samples tested,0,12,4,6,4,NA,NA,NA,-60,-33,-27,-51,-18,13,18,38,South Asia,Lower middle income,163046161,130170,1239.57931166936,20283552,72.32,1287.82142528431,2020-09-16T13:07:26Z
BGD,Bangladesh,2020-05-30,44608,610,9375,42844,582,297054,samples tested,0,12,4,6,4,NA,NA,NA,-56,-33,-24,-49,-28,15,18,38,South Asia,Lower middle income,163046161,130170,1239.57931166936,20283552,72.32,1287.82142528431,2020-09-16T13:07:26Z
BGD,Bangladesh,2020-05-31,47153,650,9781,44608,610,308930,samples tested,1,14,5,6,4,NA,NA,NA,-47,-25,-21,-42,-25,13,16,38,South Asia,Lower middle income,163046161,130170,1239.57931166936,20283552,72.32,1287.82142528431,2020-09-16T13:07:26Z
BGD,Bangladesh,2020-06-01,49534,672,10597,47153,650,320369,samples tested,1,13,5,6,4,NA,NA,NA,-47,-26,-23,-41,-27,14,18,38,South Asia,Lower middle income,163046161,130170,1239.57931166936,20283552,72.32,1287.82142528431,2020-09-16T13:07:26Z
BGD,Bangladesh,2020-06-02,52445,709,11120,49534,672,333073,samples tested,1,13,5,6,4,NA,NA,NA,-47,-27,-22,-41,-28,14,18,38,South Asia,Lower middle income,163046161,130170,1239.57931166936,20283552,72.32,1287.82142528431,2020-09-16T13:07:26Z
BGD,Bangladesh,2020-06-03,55140,746,11590,52445,709,345583,samples tested,1,13,5,6,4,NA,NA,NA,-47,-27,-22,-41,-27,14,16,38,South Asia,Lower middle income,163046161,130170,1239.57931166936,20283552,72.32,1287.82142528431,2020-09-16T13:07:26Z
BGD,Bangladesh,2020-06-04,57563,781,12161,55140,746,358277,samples tested,1,13,5,6,4,NA,NA,NA,-50,-32,-29,-46,-26,16,20,38,South Asia,Lower middle income,163046161,130170,1239.57931166936,20283552,72.32,1287.82142528431,2020-09-16T13:07:26Z
BGD,Bangladesh,2020-06-05,60391,811,12804,57563,781,372365,samples tested,1,13,5,6,4,NA,NA,NA,-50,-26,-28,-42,-8,12,23,38,South Asia,Lower middle income,163046161,130170,1239.57931166936,20283552,72.32,1287.82142528431,2020-09-16T13:07:26Z
BGD,Bangladesh,2020-06-06,63026,846,13325,60391,811,384851,samples tested,1,13,5,6,4,NA,NA,NA,-46,-24,-23,-39,-17,14,21,38,South Asia,Lower middle income,163046161,130170,1239.57931166936,20283552,72.32,1287.82142528431,2020-09-16T13:07:26Z
BGD,Bangladesh,2020-06-07,65769,888,13903,63026,846,397987,samples tested,1,13,5,6,4,NA,NA,NA,-40,-20,-20,-36,-22,13,18,38,South Asia,Lower middle income,163046161,130170,1239.57931166936,20283552,72.32,1287.82142528431,2020-09-16T13:07:26Z
BGD,Bangladesh,2020-06-08,68504,930,14560,65769,888,410931,samples tested,1,13,5,6,4,NA,NA,NA,-43,-22,-22,-37,-25,14,18,38,South Asia,Lower middle income,163046161,130170,1239.57931166936,20283552,72.32,1287.82142528431,2020-09-16T13:07:26Z
BGD,Bangladesh,2020-06-09,71675,975,15337,68504,930,425495,samples tested,1,13,5,6,4,NA,NA,NA,-44,-24,-23,-39,-26,14,17,38,South Asia,Lower middle income,163046161,130170,1239.57931166936,20283552,72.32,1287.82142528431,2020-09-16T13:07:26Z
BGD,Bangladesh,2020-06-10,74865,1012,15900,71675,975,441560,samples tested,1,13,5,6,4,NA,NA,NA,-44,-24,-22,-39,-26,14,17,38,South Asia,Lower middle income,163046161,130170,1239.57931166936,20283552,72.32,1287.82142528431,2020-09-16T13:07:26Z
BGD,Bangladesh,2020-06-11,78052,1049,16747,74865,1012,457332,samples tested,1,13,5,6,4,NA,NA,NA,-45,-25,-25,-42,-23,16,14,38,South Asia,Lower middle income,163046161,130170,1239.57931166936,20283552,72.32,1287.82142528431,2020-09-16T13:07:26Z
BGD,Bangladesh,2020-06-12,81523,1095,17249,78052,1049,473322,samples tested,1,13,5,6,4,NA,NA,NA,-52,-29,-32,-45,-8,13,17,38,South Asia,Lower middle income,163046161,130170,1239.57931166936,20283552,72.32,1287.82142528431,2020-09-16T13:07:26Z
BGD,Bangladesh,2020-06-13,84379,1139,17828,81523,1095,489960,samples tested,1,13,5,6,4,NA,NA,NA,-50,-30,-27,-44,-18,15,13,38,South Asia,Lower middle income,163046161,130170,1239.57931166936,20283552,72.32,1287.82142528431,2020-09-16T13:07:26Z
BGD,Bangladesh,2020-06-14,87520,1171,18730,84379,1139,504465,samples tested,1,13,5,6,4,NA,NA,NA,-40,-21,-22,-37,-21,13,16,38,South Asia,Lower middle income,163046161,130170,1239.57931166936,20283552,72.32,1287.82142528431,2020-09-16T13:07:26Z
BGD,Bangladesh,2020-06-15,90619,1209,18731,87520,1171,519503,samples tested,1,13,5,6,4,NA,NA,NA,-43,-23,-23,-40,-24,14,16,38,South Asia,Lower middle income,163046161,130170,1239.57931166936,20283552,72.32,1287.82142528431,2020-09-16T13:07:26Z
BGD,Bangladesh,2020-06-16,94481,1262,36264,90619,1209,536717,samples tested,1,13,5,6,4,NA,NA,NA,-44,-25,-23,-40,-26,14,14,38,South Asia,Lower middle income,163046161,130170,1239.57931166936,20283552,72.32,1287.82142528431,2020-09-16T13:07:26Z
BGD,Bangladesh,2020-06-17,98489,1305,38189,94481,1262,554244,samples tested,1,13,5,6,4,NA,NA,NA,-53,-36,-31,-49,-29,17,15,38,South Asia,Lower middle income,163046161,130170,1239.57931166936,20283552,72.32,1287.82142528431,2020-09-16T13:07:26Z
BGD,Bangladesh,2020-06-18,102292,1343,40164,98489,1305,570503,samples tested,1,13,5,6,4,NA,NA,NA,-49,-31,-30,-47,-25,16,14,38,South Asia,Lower middle income,163046161,130170,1239.57931166936,20283552,72.32,1287.82142528431,2020-09-16T13:07:26Z
BGD,Bangladesh,2020-06-19,105535,1388,42945,102292,1343,582548,samples tested,1,13,5,6,4,NA,NA,NA,-51,-29,-30,-45,-6,13,13,38,South Asia,Lower middle income,163046161,130170,1239.57931166936,20283552,72.32,1287.82142528431,2020-09-16T13:07:26Z
BGD,Bangladesh,2020-06-20,108775,1425,43993,105535,1388,599579,samples tested,1,13,5,6,4,NA,NA,NA,-45,-25,-24,-40,-15,14,14,38,South Asia,Lower middle income,163046161,130170,1239.57931166936,20283552,72.32,1287.82142528431,2020-09-16T13:07:26Z
BGD,Bangladesh,2020-06-21,112306,1464,45077,108775,1425,615164,samples tested,1,13,5,6,4,NA,NA,NA,-43,-25,-24,-40,-21,14,10,38,South Asia,Lower middle income,163046161,130170,1239.57931166936,20283552,72.32,1287.82142528431,2020-09-16T13:07:26Z
BGD,Bangladesh,2020-06-22,115786,1502,46755,112306,1464,630719,samples tested,1,13,5,6,4,NA,NA,NA,-43,-23,-22,-40,-25,15,12,38,South Asia,Lower middle income,163046161,130170,1239.57931166936,20283552,72.32,1287.82142528431,2020-09-16T13:07:26Z
BGD,Bangladesh,2020-06-23,119198,1545,47635,115786,1502,647011,samples tested,1,13,5,6,4,NA,NA,NA,-43,-24,-23,-39,-26,14,11,38,South Asia,Lower middle income,163046161,130170,1239.57931166936,20283552,72.32,1287.82142528431,2020-09-16T13:07:26Z
BGD,Bangladesh,2020-06-24,122660,1582,49666,119198,1545,663444,samples tested,1,13,5,6,4,NA,NA,NA,-43,-25,-24,-40,-25,14,11,38,South Asia,Lower middle income,163046161,130170,1239.57931166936,20283552,72.32,1287.82142528431,2020-09-16T13:07:26Z
BGD,Bangladesh,2020-06-25,126606,1621,51495,122660,1582,681443,samples tested,1,12,5,6,4,NA,NA,NA,-44,-25,-26,-41,-22,15,12,38,South Asia,Lower middle income,163046161,130170,1239.57931166936,20283552,72.32,1287.82142528431,2020-09-16T13:07:26Z
BGD,Bangladesh,2020-06-26,130474,1661,53133,126606,1621,699941,samples tested,1,12,5,6,4,NA,NA,NA,-47,-25,-27,-42,-6,12,12,38,South Asia,Lower middle income,163046161,130170,1239.57931166936,20283552,72.32,1287.82142528431,2020-09-16T13:07:26Z
BGD,Bangladesh,2020-06-27,133978,1695,54318,130474,1661,715098,samples tested,1,12,5,6,4,NA,NA,NA,-45,-26,-24,-40,-16,14,11,38,South Asia,Lower middle income,163046161,130170,1239.57931166936,20283552,72.32,1287.82142528431,2020-09-16T13:07:26Z
BGD,Bangladesh,2020-06-28,137787,1738,55727,133978,1695,733197,samples tested,1,12,5,6,4,NA,NA,NA,-42,-26,-26,-39,-20,13,11,38,South Asia,Lower middle income,163046161,130170,1239.57931166936,20283552,72.32,1287.82142528431,2020-09-16T13:07:26Z
BGD,Bangladesh,2020-06-29,141801,1783,57780,137787,1738,751034,samples tested,1,12,5,6,4,NA,NA,NA,-40,-21,-22,-38,-23,13,10,38,South Asia,Lower middle income,163046161,130170,1239.57931166936,20283552,72.32,1287.82142528431,2020-09-16T13:07:26Z
BGD,Bangladesh,2020-06-30,145483,1847,59624,141801,1783,769460,samples tested,1,12,6,6,4,NA,NA,NA,-40,-21,-22,-37,-23,13,10,38,South Asia,Lower middle income,163046161,130170,1239.57931166936,20283552,72.32,1287.82142528431,2020-09-16T13:07:26Z
BGD,Bangladesh,2020-07-01,149258,1888,62108,145483,1847,787335,samples tested,1,13,6,6,4,NA,NA,NA,-41,-23,-22,-40,-24,14,10,38,South Asia,Lower middle income,163046161,130170,1239.57931166936,20283552,72.32,1287.82142528431,2020-09-16T13:07:26Z
BGD,Bangladesh,2020-07-02,153277,1926,66442,149258,1888,805697,samples tested,1,13,6,6,4,NA,NA,NA,-39,-20,-24,-39,-19,14,10,38,South Asia,Lower middle income,163046161,130170,1239.57931166936,20283552,72.32,1287.82142528431,2020-09-16T13:07:26Z
BGD,Bangladesh,2020-07-03,156391,1968,68048,153277,1926,820347,samples tested,1,13,6,6,4,NA,NA,NA,-41,-19,-23,-38,-3,11,11,38,South Asia,Lower middle income,163046161,130170,1239.57931166936,20283552,72.32,1287.82142528431,2020-09-16T13:07:26Z
BGD,Bangladesh,2020-07-04,159679,1997,70721,156391,1968,835074,samples tested,1,13,6,6,4,NA,NA,NA,-38,-19,-21,-36,-12,13,10,38,South Asia,Lower middle income,163046161,130170,1239.57931166936,20283552,72.32,1287.82142528431,2020-09-16T13:07:26Z
BGD,Bangladesh,2020-07-05,162417,2052,72625,159679,1997,849062,samples tested,1,13,6,6,4,NA,NA,NA,-33,-16,-18,-33,-18,12,9,38,South Asia,Lower middle income,163046161,130170,1239.57931166936,20283552,72.32,1287.82142528431,2020-09-16T13:07:26Z
BGD,Bangladesh,2020-07-06,165618,2096,76149,162417,2052,863307,samples tested,1,13,6,6,4,NA,NA,NA,-34,-15,-18,-34,-21,13,9,38,South Asia,Lower middle income,163046161,130170,1239.57931166936,20283552,72.32,1287.82142528431,2020-09-16T13:07:26Z
BGD,Bangladesh,2020-07-07,168645,2151,78102,165618,2096,876480,samples tested,1,13,6,6,4,NA,NA,NA,-33,-14,-18,-32,-22,12,8,38,South Asia,Lower middle income,163046161,130170,1239.57931166936,20283552,72.32,1287.82142528431,2020-09-16T13:07:26Z
BGD,Bangladesh,2020-07-08,172134,2197,80838,168645,2151,892152,samples tested,1,13,6,6,4,NA,NA,NA,-35,-18,-20,-35,-20,12,10,38,South Asia,Lower middle income,163046161,130170,1239.57931166936,20283552,72.32,1287.82142528431,2020-09-16T13:07:26Z
BGD,Bangladesh,2020-07-09,175494,2238,84544,172134,2197,907784,samples tested,1,13,6,6,4,NA,NA,NA,-36,-19,-24,-36,-18,14,9,38,South Asia,Lower middle income,163046161,130170,1239.57931166936,20283552,72.32,1287.82142528431,2020-09-16T13:07:26Z
BGD,Bangladesh,2020-07-10,178443,2275,86406,175494,2238,921272,samples tested,1,13,6,6,4,NA,NA,NA,-36,-15,-21,-33,-1,10,9,38,South Asia,Lower middle income,163046161,130170,1239.57931166936,20283552,72.32,1287.82142528431,2020-09-16T13:07:26Z
BGD,Bangladesh,2020-07-11,181129,2305,88034,178443,2275,932456,samples tested,1,13,6,6,4,NA,NA,NA,-38,-21,-24,-36,-12,13,7,38,South Asia,Lower middle income,163046161,130170,1239.57931166936,20283552,72.32,1287.82142528431,2020-09-16T13:07:26Z
BGD,Bangladesh,2020-07-12,183795,2352,93614,181129,2305,940524,samples tested,1,13,6,6,4,NA,NA,NA,-34,-20,-22,-33,-17,12,8,38,South Asia,Lower middle income,163046161,130170,1239.57931166936,20283552,72.32,1287.82142528431,2020-09-16T13:07:26Z
BGD,Bangladesh,2020-07-13,186894,2391,98317,183795,2352,952947,samples tested,1,13,6,6,4,NA,NA,NA,-31,-13,-18,-31,-19,12,9,38,South Asia,Lower middle income,163046161,130170,1239.57931166936,20283552,72.32,1287.82142528431,2020-09-16T13:07:26Z
BGD,Bangladesh,2020-07-14,190057,2424,103227,186894,2391,966400,samples tested,1,13,6,6,4,NA,NA,NA,-31,-14,-17,-31,-20,12,8,38,South Asia,Lower middle income,163046161,130170,1239.57931166936,20283552,72.32,1287.82142528431,2020-09-16T13:07:26Z
BGD,Bangladesh,2020-07-15,193590,2457,105523,190057,2424,980402,samples tested,1,13,6,6,4,NA,NA,NA,-31,-14,-18,-31,-18,12,8,38,South Asia,Lower middle income,163046161,130170,1239.57931166936,20283552,72.32,1287.82142528431,2020-09-16T13:07:26Z
BGD,Bangladesh,2020-07-16,196323,2496,106963,193590,2457,993231,samples tested,1,13,6,6,4,NA,NA,NA,-29,-12,-19,-31,-14,12,6,38,South Asia,Lower middle income,163046161,130170,1239.57931166936,20283552,72.32,1287.82142528431,2020-09-16T13:07:26Z
BGD,Bangladesh,2020-07-17,199357,2547,108725,196323,2496,1006751,samples tested,1,13,6,6,4,NA,NA,NA,-32,-11,-19,-30,3,10,8,38,South Asia,Lower middle income,163046161,130170,1239.57931166936,20283552,72.32,1287.82142528431,2020-09-16T13:07:26Z
BGD,Bangladesh,2020-07-18,202066,2581,110098,199357,2547,1017674,samples tested,1,13,6,6,4,NA,NA,NA,-29,-12,-17,-29,-7,12,8,38,South Asia,Lower middle income,163046161,130170,1239.57931166936,20283552,72.32,1287.82142528431,2020-09-16T13:07:26Z
BGD,Bangladesh,2020-07-19,204525,2618,111642,202066,2581,1028299,samples tested,1,13,6,6,4,NA,NA,NA,-27,-12,-17,-29,-13,11,6,38,South Asia,Lower middle income,163046161,130170,1239.57931166936,20283552,72.32,1287.82142528431,2020-09-16T13:07:26Z
BGD,Bangladesh,2020-07-20,207453,2668,113556,204525,2618,1041661,samples tested,1,13,6,6,4,NA,NA,NA,-33,-17,-21,-32,-20,13,6,38,South Asia,Lower middle income,163046161,130170,1239.57931166936,20283552,72.32,1287.82142528431,2020-09-16T13:07:26Z
BGD,Bangladesh,2020-07-21,210510,2709,115397,207453,2668,1054559,samples tested,1,13,6,6,4,NA,NA,NA,-37,-22,-23,-36,-21,13,6,38,South Asia,Lower middle income,163046161,130170,1239.57931166936,20283552,72.32,1287.82142528431,2020-09-16T13:07:26Z
BGD,Bangladesh,2020-07-22,213254,2751,117202,210510,2709,1066609,samples tested,1,13,6,6,4,NA,NA,NA,-28,-13,-18,-29,-17,12,6,38,South Asia,Lower middle income,163046161,130170,1239.57931166936,20283552,72.32,1287.82142528431,2020-09-16T13:07:26Z
BGD,Bangladesh,2020-07-23,216110,2801,119208,213254,2751,1079007,samples tested,1,13,6,6,4,NA,NA,NA,-26,-10,-18,-28,-12,12,7,38,South Asia,Lower middle income,163046161,130170,1239.57931166936,20283552,72.32,1287.82142528431,2020-09-16T13:07:26Z
BGD,Bangladesh,2020-07-24,218658,2836,120976,216110,2801,1091034,samples tested,1,13,6,6,4,NA,NA,NA,-24,-5,-16,-24,11,9,7,38,South Asia,Lower middle income,163046161,130170,1239.57931166936,20283552,72.32,1287.82142528431,2020-09-16T13:07:26Z
BGD,Bangladesh,2020-07-25,221178,2874,122090,218658,2836,1101480,samples tested,1,13,6,6,4,NA,NA,NA,-22,-3,-12,-22,-4,11,6,38,South Asia,Lower middle income,163046161,130170,1239.57931166936,20283552,72.32,1287.82142528431,2020-09-16T13:07:26Z
BGD,Bangladesh,2020-07-26,223453,2928,123882,221178,2874,1111558,samples tested,1,13,6,6,4,NA,NA,NA,-19,-3,-10,-22,-11,10,8,38,South Asia,Lower middle income,163046161,130170,1239.57931166936,20283552,72.32,1287.82142528431,2020-09-16T13:07:26Z
BGD,Bangladesh,2020-07-27,226225,2965,125683,223453,2928,1124417,samples tested,1,13,6,6,4,NA,NA,NA,-22,-4,-13,-23,-16,11,6,38,South Asia,Lower middle income,163046161,130170,1239.57931166936,20283552,72.32,1287.82142528431,2020-09-16T13:07:26Z
BGD,Bangladesh,2020-07-28,229185,3000,127414,226225,2965,1137131,samples tested,1,13,6,6,4,NA,NA,NA,-19,-1,-11,-19,-16,10,5,38,South Asia,Lower middle income,163046161,130170,1239.57931166936,20283552,72.32,1287.82142528431,2020-09-16T13:07:26Z
BGD,Bangladesh,2020-07-29,232194,3035,130292,229185,3000,1151258,samples tested,1,13,6,6,4,NA,NA,NA,-15,5,-5,-13,-18,9,6,38,South Asia,Lower middle income,163046161,130170,1239.57931166936,20283552,72.32,1287.82142528431,2020-09-16T13:07:26Z
BGD,Bangladesh,2020-07-30,234889,3083,132960,232194,3035,1164195,samples tested,1,13,6,6,4,NA,NA,NA,-12,14,-1,-7,-21,8,5,38,South Asia,Lower middle income,163046161,130170,1239.57931166936,20283552,72.32,1287.82142528431,2020-09-16T13:07:26Z
BGD,Bangladesh,2020-07-31,237661,3111,135136,234889,3083,1176809,samples tested,1,13,6,6,4,NA,NA,NA,-5,34,6,2,-2,4,6,38,South Asia,Lower middle income,163046161,130170,1239.57931166936,20283552,72.32,1287.82142528431,2020-09-16T13:07:26Z
BGD,Bangladesh,2020-08-01,239860,3132,136253,237661,3111,1185611,samples tested,1,13,6,6,4,NA,NA,NA,-52,-30,8,-44,-55,14,7,38,South Asia,Lower middle income,163046161,130170,1239.57931166936,20283552,72.32,1287.82142528431,2020-09-16T13:07:26Z
BGD,Bangladesh,2020-08-02,240746,3154,136839,239860,3132,1189295,samples tested,1,13,6,6,4,NA,NA,NA,-42,-16,18,-33,-60,13,7,38,South Asia,Lower middle income,163046161,130170,1239.57931166936,20283552,72.32,1287.82142528431,2020-09-16T13:07:26Z
BGD,Bangladesh,2020-08-03,242102,3184,137905,240746,3154,1193544,samples tested,1,13,6,6,4,NA,NA,NA,-39,-11,17,-28,-50,10,7,38,South Asia,Lower middle income,163046161,130170,1239.57931166936,20283552,72.32,1287.82142528431,2020-09-16T13:07:26Z
BGD,Bangladesh,2020-08-04,244020,3234,139860,242102,3184,1201256,samples tested,1,13,6,6,4,NA,NA,NA,-35,-10,10,-25,-43,10,6,38,South Asia,Lower middle income,163046161,130170,1239.57931166936,20283552,72.32,1287.82142528431,2020-09-16T13:07:26Z
BGD,Bangladesh,2020-08-05,246674,3267,141750,244020,3234,1212416,samples tested,1,13,6,6,4,NA,NA,NA,-30,-7,6,-24,-34,9,5,38,South Asia,Lower middle income,163046161,130170,1239.57931166936,20283552,72.32,1287.82142528431,2020-09-16T13:07:26Z
BGD,Bangladesh,2020-08-06,249651,3306,143824,246674,3267,1225124,samples tested,1,13,6,6,4,NA,NA,NA,-28,-5,-1,-25,-29,10,5,38,South Asia,Lower middle income,163046161,130170,1239.57931166936,20283552,72.32,1287.82142528431,2020-09-16T13:07:26Z
BGD,Bangladesh,2020-08-07,252502,3333,145584,249651,3306,1237823,samples tested,1,13,6,6,4,NA,NA,NA,-28,-2,0,-17,-6,5,6,38,South Asia,Lower middle income,163046161,130170,1239.57931166936,20283552,72.32,1287.82142528431,2020-09-16T13:07:26Z
BGD,Bangladesh,2020-08-08,255113,3365,146604,252502,3333,1249560,samples tested,1,13,6,6,4,NA,NA,NA,-22,-1,1,-17,-10,7,6,38,South Asia,Lower middle income,163046161,130170,1239.57931166936,20283552,72.32,1287.82142528431,2020-09-16T13:07:26Z
BGD,Bangladesh,2020-08-09,257600,3399,148370,255113,3365,1260319,samples tested,1,13,6,6,4,NA,NA,NA,-18,0,-1,-17,-13,7,5,38,South Asia,Lower middle income,163046161,130170,1239.57931166936,20283552,72.32,1287.82142528431,2020-09-16T13:07:26Z
BGD,Bangladesh,2020-08-10,260507,3438,150437,257600,3399,1273168,samples tested,1,13,6,6,4,NA,NA,NA,-18,2,-1,-17,-16,8,5,38,South Asia,Lower middle income,163046161,130170,1239.57931166936,20283552,72.32,1287.82142528431,2020-09-16T13:07:26Z
BGD,Bangladesh,2020-08-11,263503,3471,151972,260507,3438,1287988,samples tested,1,13,6,6,4,NA,NA,NA,-23,-4,-4,-24,-30,11,5,38,South Asia,Lower middle income,163046161,130170,1239.57931166936,20283552,72.32,1287.82142528431,2020-09-16T13:07:26Z
BGD,Bangladesh,2020-08-12,266498,3513,153089,263503,3471,1302739,samples tested,1,13,6,6,4,NA,NA,NA,-19,-1,-3,-18,-15,8,5,38,South Asia,Lower middle income,163046161,130170,1239.57931166936,20283552,72.32,1287.82142528431,2020-09-16T13:07:26Z
BGD,Bangladesh,2020-08-13,269115,3557,154871,266498,3513,1315901,samples tested,1,13,6,6,4,NA,NA,NA,-18,1,-5,-18,-12,9,5,38,South Asia,Lower middle income,163046161,130170,1239.57931166936,20283552,72.32,1287.82142528431,2020-09-16T13:07:26Z
BGD,Bangladesh,2020-08-14,271881,3591,156623,269115,3557,1328757,samples tested,1,13,6,6,4,NA,NA,NA,-20,2,-2,-16,3,6,5,38,South Asia,Lower middle income,163046161,130170,1239.57931166936,20283552,72.32,1287.82142528431,2020-09-16T13:07:26Z
BGD,Bangladesh,2020-08-15,274525,3625,157635,271881,3591,1341648,samples tested,1,13,6,6,4,NA,NA,NA,-24,-2,2,-18,-26,11,5,38,South Asia,Lower middle income,163046161,130170,1239.57931166936,20283552,72.32,1287.82142528431,2020-09-16T13:07:26Z
BGD,Bangladesh,2020-08-16,276549,3657,158950,274525,3625,1351666,samples tested,1,13,6,6,4,NA,NA,NA,-18,-1,-4,-15,-11,7,6,38,South Asia,Lower middle income,163046161,130170,1239.57931166936,20283552,72.32,1287.82142528431,2020-09-16T13:07:26Z
BGD,Bangladesh,2020-08-17,279144,3694,160591,276549,3657,1364189,samples tested,1,13,6,6,4,NA,NA,NA,-18,1,-4,-18,-15,8,4,38,South Asia,Lower middle income,163046161,130170,1239.57931166936,20283552,72.32,1287.82142528431,2020-09-16T13:07:26Z
BGD,Bangladesh,2020-08-18,282344,3740,162825,279144,3694,1378819,samples tested,1,13,6,6,4,NA,NA,NA,-16,1,-2,-17,-14,8,5,38,South Asia,Lower middle income,163046161,130170,1239.57931166936,20283552,72.32,1287.82142528431,2020-09-16T13:07:26Z
BGD,Bangladesh,2020-08-19,285091,3781,165738,282344,3740,1393497,samples tested,1,13,6,6,4,NA,NA,NA,-15,2,-1,-18,-13,8,5,38,South Asia,Lower middle income,163046161,130170,1239.57931166936,20283552,72.32,1287.82142528431,2020-09-16T13:07:26Z
BGD,Bangladesh,2020-08-20,287959,3822,168991,285091,3781,1407556,samples tested,1,13,6,6,4,NA,NA,NA,-17,-1,-7,-22,-11,10,4,38,South Asia,Lower middle income,163046161,130170,1239.57931166936,20283552,72.32,1287.82142528431,2020-09-16T13:07:26Z
BGD,Bangladesh,2020-08-21,290360,3861,172615,287959,3822,1420499,samples tested,1,13,6,6,4,NA,NA,NA,-22,-3,-9,-24,-1,9,4,38,South Asia,Lower middle income,163046161,130170,1239.57931166936,20283552,72.32,1287.82142528431,2020-09-16T13:07:26Z
BGD,Bangladesh,2020-08-22,292625,3907,175567,290360,3861,1431855,samples tested,1,13,6,6,4,NA,NA,NA,-18,0,-4,-21,-6,10,5,38,South Asia,Lower middle income,163046161,130170,1239.57931166936,20283552,72.32,1287.82142528431,2020-09-16T13:07:26Z
BGD,Bangladesh,2020-08-23,294598,3941,179091,292625,3907,1442656,samples tested,1,13,6,6,4,NA,NA,NA,-9,5,3,-16,-9,8,4,38,South Asia,Lower middle income,163046161,130170,1239.57931166936,20283552,72.32,1287.82142528431,2020-09-16T13:07:26Z
BGD,Bangladesh,2020-08-24,297083,3983,182875,294598,3941,1456038,samples tested,1,13,6,6,4,NA,NA,NA,-11,6,2,-17,-13,9,6,38,South Asia,Lower middle income,163046161,130170,1239.57931166936,20283552,72.32,1287.82142528431,2020-09-16T13:07:26Z
BGD,Bangladesh,2020-08-25,299628,4028,186756,297083,3983,1470191,samples tested,1,13,6,6,4,NA,NA,NA,-9,6,3,-17,-14,9,5,38,South Asia,Lower middle income,163046161,130170,1239.57931166936,20283552,72.32,1287.82142528431,2020-09-16T13:07:26Z
BGD,Bangladesh,2020-08-26,302147,4082,190183,299628,4028,1485261,samples tested,1,13,6,6,4,NA,NA,NA,-8,7,5,-17,-11,9,4,38,South Asia,Lower middle income,163046161,130170,1239.57931166936,20283552,72.32,1287.82142528431,2020-09-16T13:07:26Z
BGD,Bangladesh,2020-08-27,304583,4127,193458,302147,4082,1500385,samples tested,1,13,6,6,4,NA,NA,NA,-8,8,2,-16,-9,9,5,38,South Asia,Lower middle income,163046161,130170,1239.57931166936,20283552,72.32,1287.82142528431,2020-09-16T13:07:26Z
BGD,Bangladesh,2020-08-28,306794,4174,196836,304583,4127,1514126,samples tested,1,13,6,6,4,NA,NA,NA,-7,12,7,-15,0,8,5,38,South Asia,Lower middle income,163046161,130170,1239.57931166936,20283552,72.32,1287.82142528431,2020-09-16T13:07:26Z
BGD,Bangladesh,2020-08-29,308925,4206,198863,306794,4174,1525815,samples tested,1,13,6,6,4,NA,NA,NA,-5,12,11,-17,-7,9,5,38,South Asia,Lower middle income,163046161,130170,1239.57931166936,20283552,72.32,1287.82142528431,2020-09-16T13:07:26Z
BGD,Bangladesh,2020-08-30,310822,4248,201907,308925,4206,1537749,samples tested,1,13,6,6,4,NA,NA,NA,-11,4,9,-24,-32,12,5,38,South Asia,Lower middle income,163046161,130170,1239.57931166936,20283552,72.32,1287.82142528431,2020-09-16T13:07:26Z
BGD,Bangladesh,2020-08-31,312996,4281,204887,310822,4248,1550203,samples tested,1,13,6,6,4,NA,NA,NA,-4,13,9,-16,-13,8,5,38,South Asia,Lower middle income,163046161,130170,1239.57931166936,20283552,72.32,1287.82142528431,2020-09-16T13:07:26Z
BGD,Bangladesh,2020-09-01,314946,4316,208177,312996,4281,1562412,samples tested,1,13,6,6,4,NA,NA,NA,-5,9,7,-18,-16,10,4,38,South Asia,Lower middle income,163046161,130170,1239.57931166936,20283552,72.32,1287.82142528431,2020-09-16T13:07:26Z
BGD,Bangladesh,2020-09-02,317528,4351,211016,314946,4316,1577616,samples tested,1,13,6,6,4,NA,NA,NA,0,15,12,-15,-13,9,4,38,South Asia,Lower middle income,163046161,130170,1239.57931166936,20283552,72.32,1287.82142528431,2020-09-16T13:07:26Z
BGD,Bangladesh,2020-09-03,319686,4383,213980,317528,4351,1592038,samples tested,1,13,6,6,4,NA,NA,NA,0,15,8,-16,-11,9,4,38,South Asia,Lower middle income,163046161,130170,1239.57931166936,20283552,72.32,1287.82142528431,2020-09-16T13:07:26Z
BGD,Bangladesh,2020-09-04,321615,4412,216191,319686,4383,1605111,samples tested,1,13,6,6,4,NA,NA,NA,0,18,11,-15,-4,8,5,38,South Asia,Lower middle income,163046161,130170,1239.57931166936,20283552,72.32,1287.82142528431,2020-09-16T13:07:26Z
BGD,Bangladesh,2020-09-05,323565,4447,217852,321615,4412,1617958,samples tested,1,13,6,6,4,NA,NA,NA,3,20,15,-14,-7,9,4,38,South Asia,Lower middle income,163046161,130170,1239.57931166936,20283552,72.32,1287.82142528431,2020-09-16T13:07:26Z
BGD,Bangladesh,2020-09-06,325157,4479,221275,323565,4447,1629312,samples tested,1,13,6,6,4,NA,NA,NA,5,17,14,-13,-11,8,5,38,South Asia,Lower middle income,163046161,130170,1239.57931166936,20283552,72.32,1287.82142528431,2020-09-16T13:07:26Z
BGD,Bangladesh,2020-09-07,327359,4516,224573,325157,4449,1644724,samples tested,1,13,6,6,4,NA,NA,NA,4,19,15,-14,-15,9,5,38,South Asia,Lower middle income,163046161,130170,1239.57931166936,20283552,72.32,1287.82142528431,2020-09-16T13:07:26Z
BGD,Bangladesh,2020-09-08,329251,4552,227809,327359,4516,1659697,samples tested,1,13,6,6,4,NA,NA,NA,7,22,18,-11,-16,8,4,38,South Asia,Lower middle income,163046161,130170,1239.57931166936,20283552,72.32,1287.82142528431,2020-09-16T13:07:26Z
BGD,Bangladesh,2020-09-09,331078,4593,230804,329251,4552,1674452,samples tested,1,13,6,6,4,NA,NA,NA,8,21,20,-13,-14,9,5,38,South Asia,Lower middle income,163046161,130170,1239.57931166936,20283552,72.32,1287.82142528431,2020-09-16T13:07:26Z
BGD,Bangladesh,2020-09-10,332970,4634,233550,331078,4593,1690011,samples tested,1,13,6,6,4,NA,NA,NA,11,25,20,-11,-12,9,4,38,South Asia,Lower middle income,163046161,130170,1239.57931166936,20283552,72.32,1287.82142528431,2020-09-16T13:07:26Z
BGD,Bangladesh,2020-09-11,334762,4668,236024,332970,4634,1704758,samples tested,1,13,6,6,4,NA,NA,NA,15,32,27,-6,-6,8,5,38,South Asia,Lower middle income,163046161,130170,1239.57931166936,20283552,72.32,1287.82142528431,2020-09-16T13:07:26Z
BGD,Bangladesh,2020-09-12,336044,4702,238271,334762,4668,1715481,samples tested,1,13,6,6,4,NA,NA,NA,NA,NA,NA,NA,NA,NA,5,38,South Asia,Lower middle income,163046161,130170,1239.57931166936,20283552,72.32,1287.82142528431,2020-09-16T13:07:26Z
BGD,Bangladesh,2020-09-13,337520,4733,240643,336044,4702,1728480,samples tested,1,13,6,6,4,NA,NA,NA,NA,NA,NA,NA,NA,NA,4,38,South Asia,Lower middle income,163046161,130170,1239.57931166936,20283552,72.32,1287.82142528431,2020-09-16T13:07:26Z
BGD,Bangladesh,2020-09-14,339332,4759,243155,337520,4733,1742696,samples tested,1,13,6,6,4,NA,NA,NA,NA,NA,NA,NA,NA,NA,NA,38,South Asia,Lower middle income,163046161,130170,1239.57931166936,20283552,72.32,1287.82142528431,2020-09-16T13:07:26Z
BGD,Bangladesh,2020-09-15,341056,4802,245594,339332,4759,1756746,samples tested,1,13,6,6,4,NA,NA,NA,NA,NA,NA,NA,NA,NA,NA,38,South Asia,Lower middle income,163046161,130170,1239.57931166936,20283552,72.32,1287.82142528431,2020-09-16T13:07:26Z
BGD,Bangladesh,2020-09-16,NA,NA,NA,341056,4802,NA,NA,1,13,6,6,4,NA,NA,NA,NA,NA,NA,NA,NA,NA,NA,38,South Asia,Lower middle income,163046161,130170,1239.57931166936,20283552,72.32,1287.82142528431,2020-09-16T13:07:26Z
